epoch,time,train/box_loss,train/cls_loss,train/dfl_loss,metrics/precision(B),metrics/recall(B),metrics/F1(B),metrics/mAP50(B),metrics/mAP75(B),metrics/mAP50-95(B),val/box_loss,val/cls_loss,val/dfl_loss,lr/pg0,lr/pg1,lr/pg2
1,103.448,1.39854,3.11012,1.52527,0.58231,0.52078,0.51845,0.54683,0.425732,0.39199,1.07921,1.57175,1.32328,0.00332848,0.00332848,0.0700437
2,197.429,1.23174,1.79828,1.36585,0.66294,0.54506,0.580959,0.6011,0.442609,0.40443,1.18029,1.48232,1.381,0.00666163,0.00666163,0.0400435
3,289.537,1.32863,1.81763,1.42323,0.61524,0.50514,0.524411,0.55127,0.393439,0.36772,1.25219,1.73142,1.42156,0.00999406,0.00999406,0.0100426
4,382.62,1.39518,1.89255,1.47601,0.67296,0.53188,0.563709,0.60227,0.440474,0.40338,1.23843,1.53097,1.42343,0.00999756,0.00999756,0.00999756
5,476.494,1.33988,1.73758,1.43251,0.75508,0.57197,0.635395,0.67016,0.507309,0.45985,1.16443,1.37519,1.34307,0.00999566,0.00999566,0.00999566
6,571.698,1.28431,1.6039,1.39744,0.77492,0.614,0.672019,0.71183,0.56523,0.50537,1.07421,1.18264,1.28214,0.00999322,0.00999322,0.00999322
7,666.914,1.23133,1.49662,1.36432,0.74894,0.58905,0.638567,0.67525,0.534466,0.48148,1.10105,1.3284,1.30786,0.00999023,0.00999023,0.00999023
8,762.13,1.18971,1.41368,1.33788,0.80525,0.69101,0.736066,0.77863,0.64303,0.57421,1.00141,0.98841,1.22184,0.00998671,0.00998671,0.00998671
9,858.268,1.15174,1.34481,1.30735,0.8579,0.67186,0.737332,0.78312,0.641424,0.577,0.98596,1.00514,1.2244,0.00998264,0.00998264,0.00998264
10,954.496,1.13016,1.29009,1.29604,0.84059,0.71325,0.762779,0.80316,0.676823,0.60658,0.93204,0.91435,1.18053,0.00997803,0.00997803,0.00997803
11,1051.2,1.10237,1.24742,1.27321,0.84377,0.74017,0.784204,0.81704,0.696264,0.62227,0.90872,0.87481,1.17236,0.00997288,0.00997288,0.00997288
12,1147.59,1.09231,1.21222,1.271,0.85618,0.74797,0.793579,0.83033,0.691329,0.62802,0.90437,0.83103,1.17092,0.0099672,0.0099672,0.0099672
13,1244.71,1.07947,1.18308,1.25643,0.86077,0.74888,0.792186,0.83993,0.710461,0.64038,0.88158,0.80874,1.14364,0.00996097,0.00996097,0.00996097
14,1341.99,1.04943,1.13633,1.24072,0.87527,0.74629,0.80076,0.84222,0.71795,0.65199,0.86408,0.79641,1.13302,0.0099542,0.0099542,0.0099542
15,1439.22,1.03808,1.12595,1.23094,0.88786,0.7498,0.807502,0.84785,0.729632,0.6576,0.85531,0.77773,1.1394,0.0099469,0.0099469,0.0099469
16,1536.29,1.02406,1.08786,1.22615,0.851,0.77506,0.804116,0.84961,0.724055,0.65951,0.853,0.76785,1.12344,0.00993906,0.00993906,0.00993906
17,1633.44,1.02251,1.07274,1.22004,0.88274,0.78187,0.823335,0.86316,0.749774,0.67929,0.81735,0.7109,1.10345,0.00993068,0.00993068,0.00993068
18,1730.37,1.00673,1.05439,1.21219,0.87465,0.78377,0.822885,0.86625,0.73281,0.66988,0.83443,0.70514,1.11668,0.00992177,0.00992177,0.00992177
19,1827.59,0.9976,1.03393,1.20476,0.89501,0.7952,0.838375,0.8737,0.746342,0.68072,0.8232,0.69466,1.11044,0.00991232,0.00991232,0.00991232
20,1924.98,0.98349,1.00875,1.1979,0.90942,0.78068,0.83548,0.87369,0.758733,0.68904,0.80057,0.67467,1.09404,0.00990234,0.00990234,0.00990234
21,2022.48,0.9754,0.99417,1.18904,0.87053,0.80087,0.831216,0.87294,0.767911,0.69591,0.79048,0.65993,1.08219,0.00989183,0.00989183,0.00989183
22,2119.95,0.96897,0.98686,1.18799,0.88712,0.80468,0.840635,0.88334,0.783172,0.70347,0.77798,0.63128,1.07252,0.00988079,0.00988079,0.00988079
23,2218.71,0.95452,0.96856,1.17791,0.88453,0.81184,0.842633,0.88185,0.774899,0.70554,0.7675,0.64392,1.07753,0.00986922,0.00986922,0.00986922
24,2316.4,0.95183,0.94626,1.17263,0.88793,0.81549,0.847088,0.88559,0.776089,0.70772,0.77146,0.64256,1.07949,0.00985711,0.00985711,0.00985711
25,2414.56,0.9459,0.94694,1.16996,0.89513,0.81077,0.846596,0.88601,0.782321,0.7102,0.76838,0.63276,1.07217,0.00984449,0.00984449,0.00984449
26,2512.96,0.93733,0.92168,1.16402,0.90748,0.80255,0.849212,0.88922,0.78925,0.71587,0.7479,0.62153,1.06179,0.00983133,0.00983133,0.00983133
27,2611.15,0.92882,0.90764,1.15741,0.92838,0.81141,0.861802,0.89759,0.785998,0.72375,0.75201,0.60281,1.06237,0.00981765,0.00981765,0.00981765
28,2709,0.92367,0.90091,1.158,0.91804,0.82402,0.865226,0.8993,0.796139,0.72666,0.73801,0.5887,1.05443,0.00980345,0.00980345,0.00980345
29,2807.12,0.92459,0.90399,1.15565,0.92048,0.81512,0.860728,0.90285,0.808965,0.72969,0.73587,0.57718,1.04907,0.00978873,0.00978873,0.00978873
30,2905.41,0.91927,0.90257,1.15561,0.91272,0.84126,0.873602,0.90895,0.814563,0.74016,0.72148,0.55838,1.04416,0.00977349,0.00977349,0.00977349
31,3003.91,0.90946,0.88208,1.14861,0.91692,0.83588,0.870896,0.9056,0.807846,0.73603,0.72218,0.55905,1.04588,0.00975773,0.00975773,0.00975773
32,3102.83,0.90945,0.87703,1.14955,0.92528,0.823,0.86737,0.90319,0.808822,0.73455,0.73122,0.56274,1.04622,0.00974145,0.00974145,0.00974145
33,3201.51,0.89531,0.86834,1.139,0.90273,0.84532,0.86985,0.90742,0.814445,0.73975,0.71413,0.55254,1.04275,0.00972466,0.00972466,0.00972466
34,3300.09,0.89528,0.85812,1.14259,0.9118,0.84491,0.873536,0.91096,0.803595,0.74131,0.72202,0.54925,1.04449,0.00970736,0.00970736,0.00970736
35,3399.24,0.88125,0.84075,1.12933,0.90698,0.85011,0.87512,0.91366,0.818138,0.74719,0.71009,0.53174,1.03274,0.00968955,0.00968955,0.00968955
36,3497.55,0.88555,0.83523,1.13428,0.91548,0.84371,0.875522,0.91363,0.814694,0.74541,0.70769,0.53466,1.0395,0.00967122,0.00967122,0.00967122
37,3596.08,0.88269,0.83935,1.13298,0.91015,0.85301,0.877974,0.91029,0.822908,0.74987,0.70176,0.52803,1.032,0.00965239,0.00965239,0.00965239
38,3694.59,0.87276,0.82628,1.12286,0.90969,0.86648,0.885614,0.91755,0.822832,0.7532,0.69303,0.51396,1.0252,0.00963306,0.00963306,0.00963306
39,3793.18,0.87238,0.81415,1.12456,0.91885,0.85602,0.884038,0.917,0.827902,0.75439,0.6858,0.50943,1.02101,0.00961322,0.00961322,0.00961322
40,3892.03,0.86947,0.80921,1.11981,0.92468,0.84992,0.883203,0.92075,0.830891,0.7587,0.69495,0.50286,1.02369,0.00959289,0.00959289,0.00959289
41,3990.97,0.87045,0.81794,1.12179,0.9322,0.85071,0.886694,0.91857,0.822169,0.75487,0.69229,0.50572,1.02671,0.00957205,0.00957205,0.00957205
42,4091,0.86055,0.80103,1.11122,0.9253,0.85585,0.886479,0.924,0.822284,0.75736,0.69044,0.50102,1.02054,0.00955072,0.00955072,0.00955072
43,4190.29,0.85897,0.79511,1.11513,0.92931,0.85329,0.887039,0.9224,0.827574,0.76257,0.68091,0.4973,1.01388,0.00952889,0.00952889,0.00952889
44,4290.05,0.85313,0.78298,1.10946,0.9145,0.87285,0.890686,0.92354,0.829648,0.76562,0.67723,0.48865,1.01853,0.00950658,0.00950658,0.00950658
45,4389.17,0.85229,0.78607,1.11206,0.92602,0.86479,0.892301,0.92546,0.834062,0.76458,0.67546,0.49029,1.01933,0.00948377,0.00948377,0.00948377
46,4488.67,0.84703,0.78822,1.10659,0.91581,0.86591,0.888427,0.92417,0.835722,0.76483,0.67729,0.48316,1.01788,0.00946048,0.00946048,0.00946048
47,4588.95,0.85593,0.78973,1.10977,0.91862,0.87378,0.893804,0.92199,0.832244,0.76565,0.67098,0.48803,1.01111,0.00943671,0.00943671,0.00943671
48,4688.35,0.83216,0.76495,1.09622,0.92605,0.86414,0.892174,0.92546,0.827076,0.76796,0.66811,0.47944,1.01361,0.00941245,0.00941245,0.00941245
49,4787.83,0.8371,0.76619,1.09881,0.922,0.87558,0.896066,0.92694,0.838438,0.77203,0.66073,0.47806,1.00686,0.00938772,0.00938772,0.00938772
50,4887.6,0.83687,0.76101,1.10234,0.92935,0.87962,0.901931,0.93201,0.839977,0.77482,0.66268,0.46968,1.00498,0.00936251,0.00936251,0.00936251
51,4986.94,0.83721,0.75906,1.10117,0.9301,0.87514,0.899497,0.92969,0.845112,0.7759,0.66432,0.46482,1.01018,0.00933683,0.00933683,0.00933683
52,5086.2,0.82888,0.74707,1.09662,0.93427,0.86854,0.897654,0.92881,0.847542,0.77724,0.65914,0.45912,1.0066,0.00931067,0.00931067,0.00931067
53,5185.85,0.8229,0.74747,1.09324,0.92879,0.87453,0.898643,0.92995,0.843352,0.77903,0.64881,0.45842,1.00284,0.00928405,0.00928405,0.00928405
54,5284.9,0.82366,0.74586,1.09254,0.93564,0.87085,0.899974,0.93426,0.847504,0.78212,0.64804,0.45751,0.9933,0.00925697,0.00925697,0.00925697
55,5384.16,0.82427,0.74376,1.09298,0.93697,0.8752,0.903017,0.93512,0.844042,0.78379,0.64372,0.44764,0.99011,0.00922942,0.00922942,0.00922942
56,5483.95,0.81961,0.73775,1.08994,0.94365,0.87032,0.903072,0.93572,0.855955,0.7851,0.64218,0.44814,0.98924,0.00920142,0.00920142,0.00920142
57,5583.58,0.81686,0.7239,1.09246,0.93102,0.88701,0.906547,0.93689,0.847804,0.78578,0.64266,0.44768,0.99232,0.00917296,0.00917296,0.00917296
58,5682.7,0.813,0.73054,1.08698,0.92259,0.88989,0.904404,0.93391,0.85509,0.78707,0.63287,0.43896,0.98759,0.00914405,0.00914405,0.00914405
59,5782.4,0.81211,0.72799,1.08301,0.93489,0.88735,0.908608,0.93404,0.853972,0.78777,0.63268,0.4402,0.98934,0.00911469,0.00911469,0.00911469
60,5881.94,0.81292,0.72244,1.08373,0.93314,0.88736,0.90836,0.93747,0.849718,0.78521,0.63301,0.43681,0.98819,0.00908488,0.00908488,0.00908488
61,5981.16,0.81315,0.72643,1.08454,0.9381,0.87853,0.905453,0.93824,0.852882,0.78952,0.63026,0.4344,0.9851,0.00905463,0.00905463,0.00905463
62,6081.08,0.81032,0.71851,1.08216,0.93434,0.88409,0.906626,0.9382,0.852787,0.78851,0.63274,0.42828,0.9846,0.00902395,0.00902395,0.00902395
63,6180.86,0.79415,0.70841,1.07626,0.93458,0.88623,0.908467,0.93405,0.8577,0.78823,0.62634,0.43113,0.98252,0.00899282,0.00899282,0.00899282
64,6280.39,0.80686,0.71258,1.08074,0.93393,0.88505,0.907235,0.93384,0.851108,0.78941,0.62861,0.43334,0.9841,0.00896127,0.00896127,0.00896127
65,6379.86,0.79781,0.70379,1.07801,0.93554,0.88364,0.907193,0.9347,0.853038,0.79099,0.62725,0.42938,0.98433,0.00892928,0.00892928,0.00892928
66,6479.47,0.79927,0.70665,1.07874,0.93702,0.88123,0.906683,0.93631,0.854061,0.79296,0.62681,0.42203,0.98383,0.00889687,0.00889687,0.00889687
67,6578.51,0.80319,0.71238,1.0805,0.92664,0.89209,0.908012,0.93464,0.857373,0.79348,0.62689,0.42063,0.98435,0.00886404,0.00886404,0.00886404
68,6678.04,0.79565,0.69365,1.07067,0.92995,0.89864,0.913066,0.93646,0.858093,0.79443,0.62666,0.41916,0.98435,0.00883079,0.00883079,0.00883079
69,6777.57,0.79339,0.6943,1.07302,0.93885,0.89616,0.91616,0.93918,0.85285,0.79357,0.62683,0.41714,0.98326,0.00879713,0.00879713,0.00879713
70,6877.46,0.78839,0.69137,1.06898,0.94058,0.89404,0.915494,0.94018,0.853753,0.79335,0.6229,0.41466,0.98265,0.00876305,0.00876305,0.00876305
71,6977.41,0.78554,0.68708,1.0676,0.9318,0.90027,0.914755,0.93969,0.855666,0.79285,0.62303,0.41124,0.9834,0.00872857,0.00872857,0.00872857
72,7077.1,0.78748,0.68642,1.0682,0.94073,0.89487,0.915604,0.9421,0.857175,0.79519,0.62092,0.41083,0.98188,0.00869368,0.00869368,0.00869368
73,7176.64,0.78112,0.67995,1.06345,0.93999,0.89634,0.916319,0.94113,0.855024,0.79564,0.62144,0.40778,0.98258,0.00865839,0.00865839,0.00865839
74,7276.41,0.78929,0.68346,1.06836,0.93438,0.89772,0.914596,0.94173,0.855552,0.79498,0.62211,0.40982,0.98176,0.00862271,0.00862271,0.00862271
75,7382.39,0.7815,0.67501,1.06827,0.9441,0.89325,0.9168,0.94157,0.859304,0.79716,0.62072,0.40857,0.98188,0.00858664,0.00858664,0.00858664
76,7483.04,0.77118,0.67142,1.06213,0.94195,0.89453,0.916361,0.94107,0.860845,0.79794,0.61857,0.40684,0.98223,0.00855018,0.00855018,0.00855018
77,7583.05,0.78105,0.67286,1.06131,0.94493,0.88973,0.91493,0.94164,0.860599,0.79786,0.61751,0.40562,0.98114,0.00851333,0.00851333,0.00851333
78,7684.08,0.77874,0.67029,1.06316,0.94317,0.89162,0.915216,0.94208,0.859709,0.79802,0.61547,0.40428,0.97981,0.00847611,0.00847611,0.00847611
79,7786.28,0.76997,0.66137,1.05869,0.94045,0.89514,0.915749,0.94308,0.86193,0.79908,0.61416,0.40213,0.97898,0.00843851,0.00843851,0.00843851
80,7888.69,0.77306,0.67433,1.05928,0.93466,0.89892,0.915001,0.94287,0.861317,0.80077,0.61346,0.40308,0.97772,0.00840054,0.00840054,0.00840054
81,7990.04,0.76726,0.65572,1.05776,0.93215,0.90133,0.914932,0.94369,0.860772,0.80011,0.61238,0.40005,0.97713,0.0083622,0.0083622,0.0083622
82,8091.77,0.75711,0.64883,1.05146,0.93593,0.89786,0.914895,0.94418,0.860414,0.79915,0.61284,0.39843,0.97718,0.00832349,0.00832349,0.00832349
83,8194.42,0.76723,0.66079,1.05486,0.93877,0.89595,0.915249,0.94352,0.860541,0.79901,0.61325,0.39777,0.97786,0.00828443,0.00828443,0.00828443
84,8295.36,0.76487,0.65481,1.05636,0.94096,0.89538,0.916038,0.94321,0.861527,0.79815,0.61325,0.3968,0.97787,0.00824502,0.00824502,0.00824502
85,8395.17,0.76469,0.6594,1.05199,0.93838,0.89585,0.915132,0.94356,0.862768,0.79837,0.61355,0.39506,0.97812,0.00820525,0.00820525,0.00820525
86,8495.51,0.75897,0.65129,1.05157,0.94226,0.89582,0.916971,0.94383,0.859774,0.79888,0.61352,0.39544,0.97771,0.00816514,0.00816514,0.00816514
87,8595.67,0.75653,0.6483,1.05195,0.9428,0.89715,0.917966,0.94474,0.861883,0.79922,0.61319,0.39441,0.97763,0.00812468,0.00812468,0.00812468
88,8695.99,0.75398,0.64285,1.0468,0.94417,0.89786,0.918978,0.94576,0.860097,0.80078,0.61161,0.39281,0.97716,0.00808389,0.00808389,0.00808389
89,8797.12,0.75252,0.64261,1.05023,0.946,0.89501,0.918285,0.94519,0.859582,0.80134,0.61165,0.39165,0.97672,0.00804277,0.00804277,0.00804277
90,8897.46,0.7578,0.64627,1.0502,0.94637,0.8962,0.919047,0.94454,0.85899,0.80095,0.61086,0.39071,0.97548,0.00800131,0.00800131,0.00800131
91,8997.32,0.75116,0.63595,1.04801,0.94424,0.89637,0.918181,0.94455,0.862184,0.80146,0.61048,0.39042,0.97573,0.00795954,0.00795954,0.00795954
92,9097.04,0.75742,0.63506,1.053,0.94583,0.89566,0.918554,0.9441,0.864122,0.80272,0.60815,0.38993,0.97424,0.00791744,0.00791744,0.00791744
93,9197.18,0.74815,0.63666,1.04556,0.94529,0.89656,0.91882,0.94376,0.863406,0.80256,0.60783,0.38939,0.97429,0.00787503,0.00787503,0.00787503
94,9297.08,0.74302,0.6255,1.04139,0.94477,0.89657,0.91861,0.94454,0.862617,0.80301,0.60685,0.39035,0.97384,0.00783231,0.00783231,0.00783231
95,9397,0.74736,0.63268,1.04427,0.94474,0.89484,0.917608,0.94476,0.865221,0.80278,0.60555,0.39111,0.97328,0.00778929,0.00778929,0.00778929
96,9496.69,0.74067,0.62369,1.04132,0.94611,0.89836,0.920166,0.94471,0.863922,0.80308,0.60515,0.39009,0.97318,0.00774596,0.00774596,0.00774596
97,9596.74,0.73457,0.61708,1.03581,0.94516,0.89868,0.91987,0.94454,0.867983,0.80383,0.60479,0.38881,0.97302,0.00770234,0.00770234,0.00770234
98,9696.81,0.73776,0.61939,1.03963,0.94363,0.89883,0.919226,0.94466,0.868483,0.80402,0.60439,0.38828,0.97275,0.00765843,0.00765843,0.00765843
99,9796.8,0.74156,0.62648,1.04274,0.94371,0.89868,0.919192,0.94469,0.868094,0.80434,0.60397,0.38727,0.97274,0.00761423,0.00761423,0.00761423
100,9897.11,0.74379,0.62428,1.04148,0.93886,0.90123,0.918266,0.94472,0.864856,0.80436,0.60321,0.38675,0.97233,0.00756976,0.00756976,0.00756976
101,9997.19,0.7324,0.60824,1.03741,0.94273,0.90082,0.919795,0.94573,0.865567,0.80453,0.60317,0.38691,0.97247,0.007525,0.007525,0.007525
102,10097.4,0.73386,0.61409,1.03757,0.94327,0.89913,0.919201,0.94588,0.867332,0.80506,0.60256,0.38609,0.97239,0.00747997,0.00747997,0.00747997
103,10197.5,0.72554,0.59891,1.03054,0.94205,0.89885,0.918501,0.94574,0.867146,0.80486,0.60229,0.38637,0.97229,0.00743468,0.00743468,0.00743468
104,10298.1,0.72759,0.612,1.0361,0.94974,0.89396,0.919435,0.94595,0.866693,0.80477,0.60197,0.38598,0.97242,0.00738913,0.00738913,0.00738913
105,10397.9,0.72616,0.60549,1.03466,0.94987,0.89429,0.919688,0.94579,0.868004,0.80491,0.60163,0.38519,0.97272,0.00734332,0.00734332,0.00734332
106,10497.9,0.72543,0.60845,1.03286,0.94977,0.8928,0.918839,0.94563,0.86905,0.80557,0.60108,0.38457,0.9725,0.00729725,0.00729725,0.00729725
107,10598.4,0.72767,0.60822,1.03394,0.95021,0.89184,0.918517,0.9445,0.868047,0.80541,0.60051,0.38431,0.97219,0.00725094,0.00725094,0.00725094
108,10698.6,0.72771,0.60344,1.03334,0.95129,0.89176,0.918982,0.94618,0.866356,0.80514,0.60042,0.38329,0.97203,0.00720439,0.00720439,0.00720439
109,10798.9,0.72323,0.60085,1.03355,0.94866,0.89256,0.91821,0.94611,0.868774,0.80595,0.59987,0.38289,0.97161,0.00715761,0.00715761,0.00715761
110,10899.8,0.72342,0.60397,1.03111,0.94978,0.89283,0.91888,0.94628,0.866879,0.80551,0.59963,0.38237,0.97123,0.00711059,0.00711059,0.00711059
111,11000.9,0.72052,0.59662,1.03026,0.94821,0.8934,0.918481,0.94544,0.867023,0.80532,0.59927,0.38182,0.97093,0.00706335,0.00706335,0.00706335
112,11101,0.72293,0.60128,1.02987,0.94752,0.89602,0.919633,0.9458,0.866719,0.80598,0.59929,0.38161,0.97081,0.00701588,0.00701588,0.00701588
113,11201.7,0.71529,0.5961,1.02747,0.9468,0.89637,0.919502,0.94574,0.867374,0.80614,0.59858,0.38068,0.97035,0.0069682,0.0069682,0.0069682
114,11303.1,0.71342,0.59609,1.02575,0.94686,0.89544,0.919022,0.94582,0.867799,0.80654,0.59754,0.38081,0.96959,0.00692031,0.00692031,0.00692031
115,11403.3,0.70783,0.58289,1.02191,0.92872,0.91121,0.918713,0.9461,0.86751,0.80681,0.59707,0.3804,0.96903,0.00687222,0.00687222,0.00687222
116,11504,0.71237,0.59259,1.02641,0.94723,0.89572,0.919367,0.9462,0.867788,0.80711,0.59657,0.37984,0.96851,0.00682392,0.00682392,0.00682392
117,11604.4,0.71004,0.58909,1.02504,0.94718,0.89547,0.919209,0.94644,0.866496,0.80692,0.59629,0.37955,0.96804,0.00677543,0.00677543,0.00677543
118,11704.5,0.70524,0.57848,1.01701,0.94648,0.89658,0.919506,0.94619,0.866873,0.80643,0.59594,0.37965,0.96775,0.00672675,0.00672675,0.00672675
119,11806.5,0.70358,0.57828,1.02138,0.94437,0.89777,0.919183,0.94621,0.868673,0.80692,0.59558,0.37957,0.96768,0.00667789,0.00667789,0.00667789
120,11907.1,0.70191,0.5806,1.02012,0.94255,0.89738,0.918152,0.9456,0.869084,0.80683,0.59504,0.37866,0.96732,0.00662885,0.00662885,0.00662885
121,12007.5,0.70288,0.57436,1.02015,0.94405,0.89625,0.918219,0.94517,0.868898,0.80677,0.59515,0.37831,0.96741,0.00657963,0.00657963,0.00657963
122,12107.9,0.69948,0.57363,1.01597,0.94524,0.89691,0.919181,0.94532,0.868036,0.80666,0.59569,0.37778,0.96818,0.00653025,0.00653025,0.00653025
123,12208.1,0.70097,0.57594,1.01906,0.95487,0.89162,0.920589,0.94528,0.869369,0.80674,0.59602,0.37789,0.96832,0.00648071,0.00648071,0.00648071
124,12308,0.70018,0.56958,1.01828,0.95497,0.89085,0.920202,0.94544,0.868414,0.80689,0.59614,0.37789,0.96834,0.00643101,0.00643101,0.00643101
125,12408.3,0.6935,0.56446,1.00915,0.95537,0.89158,0.920778,0.94554,0.868259,0.80697,0.59586,0.37734,0.96804,0.00638115,0.00638115,0.00638115
126,12508.4,0.68943,0.5625,1.0128,0.95495,0.89065,0.920132,0.94568,0.867937,0.80726,0.59577,0.37687,0.96786,0.00633115,0.00633115,0.00633115
127,12609.6,0.69143,0.56841,1.01353,0.95348,0.89249,0.920585,0.94587,0.869058,0.80765,0.59558,0.37625,0.96774,0.00628101,0.00628101,0.00628101
128,12731.9,0.691,0.56475,1.01003,0.9527,0.89327,0.920652,0.94556,0.868944,0.80731,0.59534,0.37554,0.96738,0.00623074,0.00623074,0.00623074
129,12856,0.68663,0.5588,1.01084,0.95449,0.89293,0.921285,0.94577,0.869166,0.80738,0.59552,0.3756,0.96743,0.00618034,0.00618034,0.00618034
130,12980.2,0.68401,0.55369,1.00866,0.95188,0.89752,0.922542,0.94569,0.870554,0.80741,0.59421,0.37525,0.96631,0.00612981,0.00612981,0.00612981
131,13104,0.68128,0.55451,1.00784,0.95154,0.89747,0.922359,0.94575,0.870932,0.80721,0.5943,0.37489,0.96621,0.00607916,0.00607916,0.00607916
132,13229.7,0.68474,0.55651,1.01058,0.94608,0.89899,0.920689,0.94587,0.871057,0.80748,0.59472,0.37485,0.96627,0.0060284,0.0060284,0.0060284
133,13350.3,0.67995,0.55024,1.00698,0.94748,0.89836,0.920972,0.94587,0.870096,0.80697,0.59457,0.37487,0.96622,0.00597754,0.00597754,0.00597754
134,13474,0.68077,0.55745,1.00859,0.94865,0.89733,0.92096,0.94628,0.870586,0.80716,0.59434,0.37485,0.96631,0.00592657,0.00592657,0.00592657
135,13609.3,0.67486,0.54993,1.00562,0.94858,0.89792,0.921215,0.94627,0.87098,0.80727,0.59433,0.37491,0.96621,0.00587551,0.00587551,0.00587551
136,13740,0.6772,0.54532,1.0057,0.93493,0.91063,0.92151,0.9465,0.872002,0.8075,0.59452,0.37479,0.96612,0.00582435,0.00582435,0.00582435
137,13858.4,0.67426,0.54642,1.00353,0.95058,0.89753,0.921908,0.94643,0.870781,0.80716,0.59462,0.37434,0.96611,0.00577311,0.00577311,0.00577311
138,13976.5,0.67148,0.53721,1.00258,0.95035,0.89836,0.922284,0.94655,0.870364,0.8069,0.59446,0.37398,0.96591,0.00572179,0.00572179,0.00572179
139,14100.8,0.66948,0.54023,1.00357,0.94918,0.89848,0.921815,0.94647,0.869352,0.80758,0.59451,0.37441,0.96586,0.0056704,0.0056704,0.0056704
140,14226.6,0.66968,0.53319,0.99946,0.93829,0.90862,0.922168,0.9465,0.869252,0.80757,0.5942,0.37388,0.96555,0.00561894,0.00561894,0.00561894
141,14348.7,0.659,0.5323,0.99739,0.93824,0.90976,0.922784,0.94699,0.869619,0.80797,0.5943,0.37346,0.96563,0.00556742,0.00556742,0.00556742
142,14467.1,0.67074,0.53847,1.00217,0.93841,0.90913,0.922512,0.94693,0.869092,0.80736,0.59392,0.37296,0.96538,0.00551584,0.00551584,0.00551584
143,14594.2,0.65925,0.53055,0.99464,0.93775,0.90932,0.922295,0.94612,0.867803,0.80759,0.59423,0.37222,0.96543,0.00546421,0.00546421,0.00546421
144,14723.4,0.6619,0.5298,0.99644,0.93862,0.90878,0.922415,0.94607,0.867173,0.80777,0.59413,0.37118,0.96531,0.00541253,0.00541253,0.00541253
145,14860.6,0.66938,0.53751,0.99879,0.93938,0.9088,0.922808,0.9459,0.867925,0.8079,0.59401,0.371,0.96526,0.00536081,0.00536081,0.00536081
146,14984.5,0.65821,0.53277,0.99715,0.93992,0.90965,0.923517,0.94587,0.86793,0.80741,0.59411,0.37071,0.96509,0.00530906,0.00530906,0.00530906
147,15103.9,0.65802,0.52635,0.99543,0.93936,0.91021,0.923558,0.94582,0.868675,0.8079,0.59361,0.3701,0.96467,0.00525728,0.00525728,0.00525728
148,15227.6,0.65332,0.52018,0.99407,0.94145,0.90961,0.924277,0.94587,0.868098,0.80838,0.59349,0.37035,0.96468,0.00520548,0.00520548,0.00520548
149,15351.1,0.65141,0.52283,0.98959,0.94163,0.90939,0.924265,0.9456,0.869078,0.80825,0.59312,0.3702,0.96449,0.00515366,0.00515366,0.00515366
150,15471,0.65328,0.52106,0.99471,0.94201,0.90878,0.924168,0.94559,0.869049,0.80777,0.59284,0.37057,0.96438,0.00510184,0.00510184,0.00510184
151,15595.4,0.64937,0.52099,0.99193,0.94528,0.90872,0.925692,0.94543,0.868404,0.80844,0.5924,0.37066,0.96407,0.00505,0.00505,0.00505
152,15714,0.65037,0.5163,0.98931,0.94633,0.90834,0.925984,0.94501,0.86903,0.80827,0.59237,0.37052,0.96403,0.00499816,0.00499816,0.00499816
153,15836.5,0.64989,0.51959,0.98946,0.94765,0.90796,0.926421,0.94512,0.868352,0.80812,0.59252,0.37026,0.9641,0.00494634,0.00494634,0.00494634
154,15966,0.64543,0.51268,0.99356,0.94669,0.90738,0.925673,0.94501,0.869896,0.80868,0.59252,0.37026,0.964,0.00489452,0.00489452,0.00489452
155,16088.7,0.64035,0.50655,0.98687,0.94709,0.90788,0.92612,0.94536,0.869652,0.80862,0.59226,0.37047,0.96377,0.00484272,0.00484272,0.00484272
156,16214.9,0.64209,0.51156,0.98876,0.94737,0.90719,0.925891,0.94538,0.869346,0.80836,0.59233,0.37041,0.96376,0.00479094,0.00479094,0.00479094
157,16340.5,0.63936,0.5087,0.98484,0.94676,0.90673,0.925361,0.94557,0.870096,0.80866,0.59223,0.3698,0.96377,0.00473919,0.00473919,0.00473919
158,16466.8,0.64192,0.50731,0.9869,0.94751,0.90709,0.925899,0.94553,0.87013,0.80848,0.59193,0.36928,0.96359,0.00468747,0.00468747,0.00468747
159,16592.1,0.63296,0.49686,0.9818,0.94645,0.90722,0.925472,0.94538,0.871638,0.80876,0.59173,0.36876,0.96377,0.00463579,0.00463579,0.00463579
160,16707,0.6384,0.50146,0.98447,0.9455,0.90754,0.925186,0.94564,0.871965,0.80868,0.59141,0.36877,0.96348,0.00458416,0.00458416,0.00458416
161,16804.5,0.63195,0.4987,0.98445,0.9457,0.90817,0.925643,0.9455,0.871936,0.80898,0.59137,0.36851,0.96337,0.00453258,0.00453258,0.00453258
162,16902.2,0.63057,0.50243,0.98403,0.94328,0.91085,0.925888,0.9454,0.871427,0.80838,0.59123,0.36849,0.9632,0.00448106,0.00448106,0.00448106
163,17000.3,0.63048,0.49798,0.98383,0.94305,0.91088,0.925788,0.94536,0.871721,0.8088,0.5912,0.36826,0.96328,0.0044296,0.0044296,0.0044296
164,17098.5,0.62911,0.4945,0.97869,0.94248,0.91164,0.925901,0.94541,0.871709,0.80874,0.59139,0.36768,0.96321,0.00437821,0.00437821,0.00437821
165,17197.5,0.62619,0.49845,0.97923,0.94197,0.91071,0.92518,0.9455,0.872279,0.80911,0.59131,0.3679,0.96319,0.00432689,0.00432689,0.00432689
166,17296.6,0.63164,0.50071,0.98217,0.94315,0.91005,0.925388,0.9459,0.87193,0.80828,0.59122,0.36785,0.96323,0.00427565,0.00427565,0.00427565
167,17393.6,0.62396,0.49225,0.97614,0.94311,0.90999,0.925351,0.94573,0.87311,0.80947,0.59109,0.3679,0.96325,0.00422449,0.00422449,0.00422449
168,17486.1,0.61973,0.48548,0.97775,0.94629,0.90788,0.925698,0.94576,0.872656,0.80957,0.59081,0.36746,0.96304,0.00417343,0.00417343,0.00417343
169,17577.3,0.61628,0.48851,0.97401,0.94718,0.90676,0.925514,0.94581,0.872309,0.80998,0.59065,0.36682,0.96308,0.00412246,0.00412246,0.00412246
170,17668.4,0.61538,0.48533,0.97625,0.94649,0.90679,0.925208,0.94605,0.871658,0.80997,0.59047,0.36661,0.96293,0.0040716,0.0040716,0.0040716
171,17759.1,0.60945,0.47963,0.97321,0.94592,0.90807,0.925635,0.94617,0.870171,0.80997,0.59035,0.36619,0.96294,0.00402084,0.00402084,0.00402084
172,17848.9,0.61722,0.4858,0.97562,0.94528,0.90789,0.925219,0.94511,0.869837,0.8096,0.59063,0.36516,0.96317,0.00397019,0.00397019,0.00397019
173,17938.1,0.61165,0.48659,0.97311,0.94648,0.90723,0.925389,0.9451,0.869417,0.80936,0.59041,0.36501,0.9631,0.00391966,0.00391966,0.00391966
174,18026.9,0.61101,0.47785,0.97124,0.94606,0.90609,0.924571,0.94526,0.870123,0.80928,0.5903,0.36445,0.96299,0.00386926,0.00386926,0.00386926
175,18115.7,0.60603,0.47474,0.96933,0.94727,0.90584,0.924963,0.94531,0.870173,0.80927,0.59013,0.36432,0.96285,0.00381899,0.00381899,0.00381899
176,18204.6,0.60715,0.47381,0.97122,0.94679,0.90635,0.924995,0.94586,0.868708,0.80952,0.59021,0.36262,0.96293,0.00376885,0.00376885,0.00376885
177,18293.4,0.60619,0.47735,0.97154,0.946,0.90544,0.924141,0.94478,0.87008,0.80956,0.59039,0.3625,0.963,0.00371885,0.00371885,0.00371885
178,18381.8,0.60327,0.4691,0.96987,0.94088,0.91054,0.924487,0.94564,0.870606,0.80961,0.59024,0.36194,0.96299,0.00366899,0.00366899,0.00366899
179,18469.9,0.60327,0.47346,0.96927,0.94384,0.90909,0.925121,0.9456,0.870037,0.81012,0.58997,0.36153,0.96272,0.00361929,0.00361929,0.00361929
180,18558.7,0.60066,0.46846,0.96738,0.93892,0.91332,0.925018,0.94573,0.870924,0.81085,0.58973,0.36097,0.9626,0.00356975,0.00356975,0.00356975
181,18652.7,0.5961,0.46691,0.96758,0.94309,0.90865,0.924543,0.94542,0.870924,0.81032,0.58948,0.36077,0.96261,0.00352037,0.00352037,0.00352037
182,18738.5,0.59529,0.46867,0.96573,0.93842,0.91208,0.924213,0.9454,0.871494,0.81084,0.58953,0.3605,0.96279,0.00347115,0.00347115,0.00347115
183,18824.4,0.59465,0.46435,0.96909,0.94279,0.90889,0.924579,0.9453,0.869288,0.81058,0.58897,0.36055,0.96278,0.00342211,0.00342211,0.00342211
184,18910.6,0.58502,0.45346,0.95984,0.94547,0.90868,0.925625,0.94564,0.868426,0.81042,0.58882,0.36045,0.96269,0.00337325,0.00337325,0.00337325
185,18996.3,0.59217,0.46144,0.96345,0.94501,0.90848,0.925301,0.94572,0.868125,0.81067,0.58866,0.36001,0.96255,0.00332457,0.00332457,0.00332457
186,19082,0.58821,0.46056,0.96537,0.94502,0.90837,0.925254,0.94632,0.867789,0.81131,0.58824,0.35973,0.96234,0.00327608,0.00327608,0.00327608
187,19168.1,0.59323,0.46501,0.96646,0.94386,0.909,0.925041,0.94645,0.867245,0.81092,0.58806,0.35957,0.9621,0.00322778,0.00322778,0.00322778
188,19254,0.58544,0.46006,0.96155,0.94446,0.90845,0.925049,0.94645,0.867579,0.81133,0.58792,0.35925,0.962,0.00317969,0.00317969,0.00317969
189,19340.1,0.58123,0.44739,0.95927,0.94312,0.91116,0.925894,0.94641,0.866949,0.81081,0.58784,0.35909,0.96184,0.0031318,0.0031318,0.0031318
190,19426.1,0.57717,0.4488,0.95694,0.94288,0.91084,0.925611,0.94638,0.867585,0.81037,0.58777,0.3586,0.9616,0.00308412,0.00308412,0.00308412
191,19512.6,0.58409,0.45028,0.96047,0.94131,0.91116,0.925016,0.94664,0.868081,0.8109,0.58744,0.3584,0.96136,0.00303665,0.00303665,0.00303665
192,19598.4,0.57626,0.44585,0.95885,0.94202,0.91047,0.925009,0.94658,0.869424,0.81071,0.58774,0.35789,0.96159,0.00298941,0.00298941,0.00298941
193,19684,0.57401,0.44353,0.95657,0.94505,0.90776,0.924992,0.94662,0.868959,0.81094,0.588,0.3576,0.96174,0.00294239,0.00294239,0.00294239
194,19769.8,0.57695,0.44458,0.95627,0.94655,0.90854,0.926088,0.94671,0.868591,0.81095,0.5881,0.35729,0.96174,0.00289561,0.00289561,0.00289561
195,19855.6,0.57244,0.44526,0.95772,0.94678,0.90858,0.926217,0.94672,0.868204,0.81083,0.58821,0.35788,0.96189,0.00284906,0.00284906,0.00284906
196,19941.2,0.56876,0.44189,0.95505,0.94675,0.90892,0.92638,0.94675,0.868272,0.81094,0.58894,0.35846,0.96233,0.00280275,0.00280275,0.00280275
197,20026.8,0.56711,0.43441,0.95166,0.94667,0.90907,0.92643,0.94649,0.86846,0.81055,0.58846,0.35835,0.96192,0.00275668,0.00275668,0.00275668
198,20112.4,0.567,0.43681,0.95348,0.94599,0.90934,0.926245,0.94655,0.868305,0.80997,0.58827,0.35804,0.96179,0.00271087,0.00271087,0.00271087
199,20198.5,0.5645,0.43447,0.95189,0.94529,0.9094,0.925958,0.94676,0.868399,0.81031,0.58801,0.35786,0.96171,0.00266532,0.00266532,0.00266532
200,20284.3,0.5592,0.43398,0.94919,0.94521,0.91032,0.926403,0.94763,0.86838,0.81074,0.58772,0.35779,0.96149,0.00262003,0.00262003,0.00262003
201,20369.8,0.56063,0.43483,0.95059,0.94423,0.90939,0.925456,0.94684,0.869778,0.81085,0.58762,0.35742,0.96132,0.002575,0.002575,0.002575
202,20455.8,0.56143,0.43346,0.9524,0.94454,0.90911,0.925444,0.94676,0.869273,0.81128,0.58754,0.35722,0.9612,0.00253024,0.00253024,0.00253024
203,20541.4,0.55507,0.42619,0.94804,0.94425,0.9095,0.925521,0.94694,0.869646,0.81102,0.58756,0.35701,0.96133,0.00248577,0.00248577,0.00248577
204,20628.5,0.55153,0.42431,0.94891,0.94348,0.9089,0.924874,0.94611,0.870331,0.81113,0.58759,0.35741,0.9614,0.00244157,0.00244157,0.00244157
205,20717.2,0.55396,0.4239,0.94839,0.94259,0.91008,0.925093,0.94695,0.869969,0.81096,0.5873,0.35684,0.96123,0.00239766,0.00239766,0.00239766
206,20805.7,0.55037,0.41974,0.94551,0.94169,0.9095,0.924367,0.94575,0.869303,0.81052,0.58725,0.35635,0.96085,0.00235404,0.00235404,0.00235404
207,20900.2,0.54734,0.42039,0.94713,0.94161,0.90918,0.924145,0.94564,0.868299,0.80989,0.5874,0.35624,0.96087,0.00231071,0.00231071,0.00231071
208,20993.3,0.55099,0.42244,0.9473,0.9418,0.90973,0.924542,0.94516,0.867548,0.80954,0.58754,0.35571,0.96086,0.00226769,0.00226769,0.00226769
209,21085.1,0.5492,0.41951,0.94231,0.94244,0.91045,0.925247,0.94462,0.86753,0.80982,0.58774,0.3554,0.96095,0.00222497,0.00222497,0.00222497
210,21173.3,0.54805,0.41867,0.94554,0.94385,0.91182,0.926626,0.94552,0.8679,0.80994,0.58792,0.35507,0.96099,0.00218256,0.00218256,0.00218256
211,21265.8,0.5426,0.41537,0.9408,0.9437,0.91236,0.926841,0.94547,0.868068,0.81029,0.58806,0.355,0.96099,0.00214046,0.00214046,0.00214046
212,21357.1,0.53839,0.41308,0.93769,0.94314,0.91372,0.927315,0.94541,0.868151,0.80994,0.58815,0.35478,0.961,0.00209869,0.00209869,0.00209869
213,21447.6,0.53678,0.40674,0.94136,0.94247,0.91547,0.927968,0.94546,0.866342,0.80988,0.58782,0.35492,0.96073,0.00205723,0.00205723,0.00205723
214,21535.3,0.53758,0.41348,0.94524,0.94257,0.91573,0.928175,0.9454,0.86636,0.80977,0.58786,0.35507,0.96097,0.00201611,0.00201611,0.00201611
215,21621.4,0.53312,0.40888,0.93901,0.94128,0.91628,0.927883,0.94533,0.865071,0.81027,0.58803,0.35469,0.96125,0.00197532,0.00197532,0.00197532
216,21707,0.52938,0.40336,0.93849,0.94163,0.9151,0.927425,0.94541,0.86553,0.81027,0.58799,0.35497,0.96132,0.00193486,0.00193486,0.00193486
217,21796.2,0.52944,0.40812,0.93688,0.94073,0.91494,0.926939,0.94528,0.866201,0.8104,0.58808,0.35473,0.96118,0.00189475,0.00189475,0.00189475
218,21883.3,0.52645,0.40384,0.93558,0.94131,0.91546,0.927491,0.94505,0.867735,0.81066,0.58831,0.35452,0.96135,0.00185498,0.00185498,0.00185498
219,21969.3,0.5263,0.40505,0.93613,0.94205,0.91324,0.926641,0.94486,0.866444,0.80994,0.58869,0.35481,0.96153,0.00181557,0.00181557,0.00181557
220,22051.2,0.52281,0.40109,0.93481,0.94179,0.9132,0.926487,0.94503,0.86555,0.80955,0.58879,0.35485,0.96163,0.00177651,0.00177651,0.00177651
221,22134.6,0.52522,0.39898,0.93279,0.93891,0.9177,0.927513,0.94507,0.866479,0.80957,0.58889,0.35478,0.96157,0.0017378,0.0017378,0.0017378
222,22216.2,0.52052,0.39838,0.93242,0.93964,0.91786,0.927954,0.94502,0.86586,0.80956,0.58919,0.35466,0.96159,0.00169946,0.00169946,0.00169946
223,22303.6,0.52118,0.39859,0.93325,0.93916,0.91751,0.92753,0.94497,0.866787,0.81022,0.58899,0.35488,0.96134,0.00166149,0.00166149,0.00166149
224,22398.2,0.51716,0.39706,0.93157,0.93718,0.91886,0.927277,0.94503,0.866421,0.80981,0.5891,0.35433,0.96131,0.00162389,0.00162389,0.00162389
225,22490.1,0.51629,0.39541,0.93178,0.93682,0.91845,0.92689,0.94503,0.868603,0.80999,0.58933,0.35417,0.9613,0.00158667,0.00158667,0.00158667
226,22583.2,0.51218,0.38957,0.9296,0.93694,0.91791,0.926659,0.94483,0.866977,0.80969,0.58949,0.35444,0.96144,0.00154982,0.00154982,0.00154982
227,22681.9,0.5148,0.39383,0.93208,0.93692,0.91745,0.926389,0.94443,0.867459,0.81011,0.58938,0.35406,0.9615,0.00151336,0.00151336,0.00151336
228,22784.2,0.50679,0.3873,0.92872,0.93752,0.91829,0.927109,0.94431,0.867983,0.80994,0.58928,0.35406,0.96146,0.00147729,0.00147729,0.00147729
229,22882.6,0.50922,0.39257,0.93191,0.93771,0.91772,0.926882,0.9444,0.868267,0.80977,0.58941,0.35441,0.96131,0.00144161,0.00144161,0.00144161
230,22979.8,0.5115,0.39425,0.93118,0.93645,0.91863,0.926738,0.94462,0.868536,0.8098,0.59015,0.35511,0.96197,0.00140632,0.00140632,0.00140632
231,23076.3,0.50794,0.38863,0.92801,0.93628,0.91895,0.92681,0.94463,0.868262,0.80984,0.59013,0.35518,0.96203,0.00137143,0.00137143,0.00137143
232,23172.5,0.50435,0.38445,0.92694,0.93565,0.91881,0.926432,0.94492,0.867242,0.80957,0.59025,0.35559,0.9621,0.00133695,0.00133695,0.00133695
233,23269.2,0.50187,0.38122,0.92627,0.9367,0.9189,0.927021,0.94456,0.865723,0.80945,0.59044,0.3559,0.96231,0.00130287,0.00130287,0.00130287
234,23364.9,0.50104,0.38189,0.92782,0.93587,0.9193,0.926832,0.94383,0.866156,0.80932,0.59017,0.35577,0.96215,0.00126921,0.00126921,0.00126921
235,23460.6,0.50149,0.3871,0.92957,0.93838,0.91375,0.925136,0.94373,0.866594,0.80951,0.59001,0.35617,0.96217,0.00123596,0.00123596,0.00123596
236,23556.1,0.49934,0.38218,0.92897,0.93884,0.91366,0.925297,0.94337,0.866233,0.80857,0.58988,0.35625,0.96195,0.00120313,0.00120313,0.00120313
237,23653.1,0.49978,0.38175,0.9294,0.94007,0.91351,0.925818,0.94331,0.866777,0.8088,0.58973,0.35612,0.96194,0.00117072,0.00117072,0.00117072
238,23748.9,0.49445,0.37579,0.92605,0.94124,0.91268,0.925925,0.94347,0.867,0.80923,0.59003,0.35643,0.96213,0.00113873,0.00113873,0.00113873
