model,split,class,images,instances,precision,recall,f1,ap50,ap75,ap50_95
nano+原版 EMA,overall,Baton,852,886,0.970593,0.96856,0.969575,0.988412,0.946205,0.888626
nano+原版 EMA,overall,Plier,2424,2578,0.969828,0.95384,0.961767,0.987694,0.944603,0.874108
nano+原版 EMA,overall,Hammer,2578,2683,0.97193,0.967916,0.969919,0.990188,0.957098,0.912905
nano+原版 EMA,overall,Powerbank,2778,2945,0.944065,0.892699,0.917664,0.951994,0.879005,0.778544
nano+原版 EMA,overall,Scissors,2494,2708,0.953774,0.905096,0.928798,0.954041,0.87601,0.80515
nano+原版 EMA,overall,Wrench,2001,2087,0.963065,0.953522,0.95827,0.981659,0.952091,0.901079
nano+原版 EMA,overall,Gun,1466,1579,0.974071,0.915136,0.943684,0.976202,0.919012,0.854418
nano+原版 EMA,overall,Bullet,1111,1120,0.940111,0.854955,0.895513,0.917091,0.851015,0.765092
nano+原版 EMA,overall,Sprayer,1237,1257,0.983201,0.936356,0.959207,0.970349,0.9211,0.849594
nano+原版 EMA,overall,HandCuffs,1287,1292,0.985952,0.993034,0.98948,0.993846,0.982154,0.939449
nano+原版 EMA,overall,Knife,2048,2259,0.926171,0.760794,0.835376,0.859115,0.723368,0.664429
nano+原版 EMA,overall,Lighter,1974,1988,0.949862,0.717304,0.817363,0.80439,0.70166,0.650282
nano+原版 EMA,easy,Baton,373,373,0.981899,0.991957,0.986903,0.994513,0.983553,0.942691
nano+原版 EMA,easy,Plier,872,872,0.994016,0.994266,0.994141,0.99471,0.994499,0.954377
nano+原版 EMA,easy,Hammer,1288,1288,0.986151,0.99146,0.988798,0.994503,0.990979,0.965532
nano+原版 EMA,easy,Powerbank,1347,1347,0.923517,0.923315,0.923416,0.963619,0.94489,0.852835
nano+原版 EMA,easy,Scissors,983,983,0.973834,0.983723,0.978754,0.990426,0.97071,0.912461
nano+原版 EMA,easy,Wrench,714,714,0.984509,0.979091,0.981793,0.989954,0.970666,0.934476
nano+原版 EMA,easy,Gun,406,406,0.982096,0.970443,0.976235,0.989504,0.97972,0.924876
nano+原版 EMA,easy,Bullet,409,409,0.984102,0.94621,0.964784,0.968404,0.954113,0.864537
nano+原版 EMA,easy,Sprayer,496,496,0.995878,0.974146,0.984892,0.994298,0.974654,0.917834
nano+原版 EMA,easy,HandCuffs,436,436,0.989147,0.997706,0.993408,0.994145,0.992713,0.960165
nano+原版 EMA,easy,Knife,928,928,0.942829,0.799686,0.865378,0.888038,0.774617,0.696301
nano+原版 EMA,easy,Lighter,1230,1230,0.972145,0.766113,0.856919,0.841807,0.766394,0.718851
nano+原版 EMA,hard,Baton,278,311,0.940304,0.935691,0.937992,0.970527,0.893872,0.830937
nano+原版 EMA,hard,Plier,1050,1204,0.935685,0.945183,0.94041,0.975504,0.900386,0.810472
nano+原版 EMA,hard,Hammer,820,925,0.933926,0.936216,0.93507,0.967565,0.898671,0.831031
nano+原版 EMA,hard,Powerbank,1030,1197,0.967911,0.856783,0.908963,0.94646,0.820859,0.728475
nano+原版 EMA,hard,Scissors,1008,1222,0.95817,0.881016,0.917975,0.939656,0.85819,0.77681
nano+原版 EMA,hard,Wrench,786,872,0.922811,0.93922,0.930943,0.969626,0.91423,0.848526
nano+原版 EMA,hard,Gun,541,654,0.947914,0.929664,0.9387,0.978826,0.894403,0.841492
nano+原版 EMA,hard,Bullet,403,412,0.938171,0.847076,0.890299,0.900572,0.816144,0.732822
nano+原版 EMA,hard,Sprayer,341,361,0.950007,0.844875,0.894362,0.912425,0.847871,0.770587
nano+原版 EMA,hard,HandCuffs,549,554,0.978098,0.98556,0.981815,0.99281,0.966752,0.901365
nano+原版 EMA,hard,Knife,619,829,0.898109,0.744279,0.81399,0.830945,0.693752,0.64181
nano+原版 EMA,hard,Lighter,338,351,0.937138,0.722031,0.81564,0.809413,0.686689,0.621254
nano+原版 EMA,hidden,Baton,201,202,0.968038,0.985149,0.976518,0.99188,0.95147,0.872173
nano+原版 EMA,hidden,Plier,502,502,0.970477,0.922311,0.945781,0.980795,0.948471,0.868446
nano+原版 EMA,hidden,Hammer,470,470,0.984548,0.995745,0.990115,0.994653,0.971054,0.916918
nano+原版 EMA,hidden,Powerbank,401,401,0.963008,0.908878,0.93516,0.951849,0.832972,0.685422
nano+原版 EMA,hidden,Scissors,503,503,0.886931,0.826521,0.855661,0.890268,0.707124,0.64084
nano+原版 EMA,hidden,Wrench,501,501,0.980165,0.96008,0.970019,0.989209,0.980867,0.93878
nano+原版 EMA,hidden,Gun,519,519,0.980219,0.859311,0.915792,0.965358,0.898696,0.814242
nano+原版 EMA,hidden,Bullet,299,299,0.888398,0.77592,0.828358,0.858851,0.754355,0.669451
nano+原版 EMA,hidden,Sprayer,400,400,0.984953,0.981847,0.983397,0.984799,0.922042,0.830832
nano+原版 EMA,hidden,HandCuffs,302,302,0.991706,0.996689,0.994191,0.995,0.995,0.974001
nano+原版 EMA,hidden,Knife,501,502,0.953767,0.739708,0.833209,0.855075,0.674934,0.642108
nano+原版 EMA,hidden,Lighter,406,407,0.899956,0.565111,0.694268,0.678322,0.499793,0.451115
nano+原版 EMA + AIFI-Lite,overall,Baton,852,886,0.955262,0.96614,0.96067,0.982968,0.955342,0.879698
nano+原版 EMA + AIFI-Lite,overall,Plier,2424,2578,0.966989,0.949961,0.958399,0.986184,0.950533,0.872428
nano+原版 EMA + AIFI-Lite,overall,Hammer,2578,2683,0.9719,0.966838,0.969362,0.988179,0.951722,0.907438
nano+原版 EMA + AIFI-Lite,overall,Powerbank,2778,2945,0.944286,0.903556,0.923472,0.957984,0.892544,0.802186
nano+原版 EMA + AIFI-Lite,overall,Scissors,2494,2708,0.945023,0.907716,0.925994,0.955166,0.889376,0.80927
nano+原版 EMA + AIFI-Lite,overall,Wrench,2001,2087,0.962751,0.953591,0.958149,0.981826,0.951179,0.900703
nano+原版 EMA + AIFI-Lite,overall,Gun,1466,1579,0.969409,0.919569,0.943832,0.978593,0.9229,0.857436
nano+原版 EMA + AIFI-Lite,overall,Bullet,1111,1120,0.941007,0.854534,0.895688,0.917073,0.857669,0.765269
nano+原版 EMA + AIFI-Lite,overall,Sprayer,1237,1257,0.970377,0.938148,0.95399,0.974256,0.925994,0.853538
nano+原版 EMA + AIFI-Lite,overall,HandCuffs,1287,1292,0.986945,0.994745,0.99083,0.994112,0.983804,0.93771
nano+原版 EMA + AIFI-Lite,overall,Knife,2048,2259,0.931201,0.75166,0.831853,0.854453,0.724784,0.662434
nano+原版 EMA + AIFI-Lite,overall,Lighter,1974,1988,0.951476,0.708753,0.812371,0.808414,0.69941,0.650568
nano+原版 EMA + AIFI-Lite,easy,Baton,373,373,0.979468,0.994638,0.986995,0.994233,0.983558,0.933759
nano+原版 EMA + AIFI-Lite,easy,Plier,872,872,0.993731,0.993119,0.993425,0.994896,0.994307,0.952283
nano+原版 EMA + AIFI-Lite,easy,Hammer,1288,1288,0.98731,0.993012,0.990153,0.99423,0.982398,0.962377
nano+原版 EMA + AIFI-Lite,easy,Powerbank,1347,1347,0.921276,0.938295,0.929707,0.971555,0.960357,0.885999
nano+原版 EMA + AIFI-Lite,easy,Scissors,983,983,0.968634,0.986775,0.977621,0.989693,0.981307,0.910319
nano+原版 EMA + AIFI-Lite,easy,Wrench,714,714,0.973187,0.978992,0.976081,0.990127,0.971232,0.93555
nano+原版 EMA + AIFI-Lite,easy,Gun,406,406,0.974617,0.972906,0.973761,0.991655,0.987851,0.931734
nano+原版 EMA + AIFI-Lite,easy,Bullet,409,409,0.98729,0.949612,0.968084,0.969027,0.954884,0.864709
nano+原版 EMA + AIFI-Lite,easy,Sprayer,496,496,0.993814,0.971724,0.982645,0.994344,0.984491,0.925585
nano+原版 EMA + AIFI-Lite,easy,HandCuffs,436,436,0.994672,1.0,0.997329,0.99369,0.993626,0.958657
nano+原版 EMA + AIFI-Lite,easy,Knife,928,928,0.941955,0.8125,0.872452,0.891616,0.770097,0.703027
nano+原版 EMA + AIFI-Lite,easy,Lighter,1230,1230,0.970063,0.763975,0.854772,0.843006,0.755164,0.716167
nano+原版 EMA + AIFI-Lite,hard,Baton,278,311,0.940515,0.913183,0.926648,0.961926,0.913556,0.82512
nano+原版 EMA + AIFI-Lite,hard,Plier,1050,1204,0.943332,0.940175,0.941751,0.974785,0.904951,0.806503
nano+原版 EMA + AIFI-Lite,hard,Hammer,820,925,0.930962,0.922162,0.926541,0.962921,0.886017,0.815916
nano+原版 EMA + AIFI-Lite,hard,Powerbank,1030,1197,0.961119,0.867357,0.911834,0.944819,0.822995,0.731128
nano+原版 EMA + AIFI-Lite,hard,Scissors,1008,1222,0.954961,0.867557,0.909163,0.944918,0.858066,0.781334
nano+原版 EMA + AIFI-Lite,hard,Wrench,786,872,0.939644,0.928382,0.933979,0.964898,0.903465,0.842601
nano+原版 EMA + AIFI-Lite,hard,Gun,541,654,0.971391,0.91896,0.944448,0.97869,0.888807,0.840168
nano+原版 EMA + AIFI-Lite,hard,Bullet,403,412,0.946174,0.834951,0.88709,0.906772,0.840078,0.739213
nano+原版 EMA + AIFI-Lite,hard,Sprayer,341,361,0.948197,0.844875,0.893559,0.923079,0.843199,0.767866
nano+原版 EMA + AIFI-Lite,hard,HandCuffs,549,554,0.979503,0.990975,0.985205,0.993904,0.97159,0.896231
nano+原版 EMA + AIFI-Lite,hard,Knife,619,829,0.897303,0.702051,0.787758,0.818088,0.693895,0.633604
nano+原版 EMA + AIFI-Lite,hard,Lighter,338,351,0.939513,0.708035,0.807513,0.815006,0.687188,0.62191
nano+原版 EMA + AIFI-Lite,hidden,Baton,201,202,0.912429,0.99505,0.95195,0.980751,0.958607,0.861119
nano+原版 EMA + AIFI-Lite,hidden,Plier,502,502,0.959885,0.905644,0.931976,0.98108,0.960619,0.863775
nano+原版 EMA + AIFI-Lite,hidden,Hammer,470,470,0.993617,0.993571,0.993594,0.992795,0.964319,0.914929
nano+原版 EMA + AIFI-Lite,hidden,Powerbank,401,401,0.973375,0.911699,0.941528,0.967259,0.887676,0.723561
nano+原版 EMA + AIFI-Lite,hidden,Scissors,503,503,0.873501,0.848907,0.861028,0.894467,0.746266,0.650883
nano+原版 EMA + AIFI-Lite,hidden,Wrench,501,501,0.981749,0.97006,0.975869,0.989472,0.98922,0.943094
nano+原版 EMA + AIFI-Lite,hidden,Gun,519,519,0.958111,0.881406,0.918159,0.967255,0.913219,0.816746
nano+原版 EMA + AIFI-Lite,hidden,Bullet,299,299,0.870502,0.769231,0.816739,0.847901,0.740609,0.656953
nano+原版 EMA + AIFI-Lite,hidden,Sprayer,400,400,0.957847,0.9825,0.970017,0.98984,0.921849,0.834056
nano+原版 EMA + AIFI-Lite,hidden,HandCuffs,302,302,0.982235,0.996689,0.989409,0.995,0.995,0.971782
nano+原版 EMA + AIFI-Lite,hidden,Knife,501,502,0.957967,0.726394,0.826262,0.84878,0.692585,0.635052
nano+原版 EMA + AIFI-Lite,hidden,Lighter,406,407,0.897068,0.538084,0.672678,0.679961,0.514166,0.448409
